{
	"info": {
		"_postman_id": "cb0cd18f-1168-4075-9657-e093808f18ed",
		"name": "Hotel-Management",
		"schema": "https://schema.getpostman.com/json/collection/v2.1.0/collection.json",
		"_exporter_id": "23532817"
	},
	"item": [
		{
			"name": "Add Guest",
			"request": {
				"method": "POST",
				"header": [],
				"body": {
					"mode": "raw",
					"raw": "{\n    \"name\": \"Mangesh Dhole\"\n}",
					"options": {
						"raw": {
							"language": "json"
						}
					}
				},
				"url": {
					"raw": "http://localhost:8082/hotel/guest",
					"protocol": "http",
					"host": [
						"localhost"
					],
					"port": "8082",
					"path": [
						"hotel",
						"guest"
					]
				}
			},
			"response": []
		},
		{
			"name": "Create Reservation",
			"request": {
				"method": "POST",
				"header": [],
				"body": {
					"mode": "raw",
					"raw": "{\n    \"startDate\": \"2023-12-01\",\n    \"endDate\": \"2023-12-05\"\n}\n",
					"options": {
						"raw": {
							"language": "json"
						}
					}
				},
				"url": {
					"raw": "http://localhost:8082/hotel/reservation/2",
					"protocol": "http",
					"host": [
						"localhost"
					],
					"port": "8082",
					"path": [
						"hotel",
						"reservation",
						"2"
					]
				}
			},
			"response": []
		},
		{
			"name": "Get Reservation",
			"request": {
				"method": "GET",
				"header": [],
				"url": {
					"raw": "http://localhost:8082/hotel/reservations/2",
					"protocol": "http",
					"host": [
						"localhost"
					],
					"port": "8082",
					"path": [
						"hotel",
						"reservations",
						"2"
					]
				}
			},
			"response": []
		},
		{
			"name": "Update Reservation",
			"request": {
				"method": "PUT",
				"header": [],
				"url": {
					"raw": "http://localhost:8080/hotel/reservation/1",
					"protocol": "http",
					"host": [
						"localhost"
					],
					"port": "8080",
					"path": [
						"hotel",
						"reservation",
						"1"
					]
				}
			},
			"response": []
		},
		{
			"name": "Delete Reservation",
			"request": {
				"method": "DELETE",
				"header": [],
				"url": {
					"raw": "http://localhost:8080/hotel/reservation/1",
					"protocol": "http",
					"host": [
						"localhost"
					],
					"port": "8080",
					"path": [
						"hotel",
						"reservation",
						"1"
					]
				}
			},
			"response": []
		}
	]
}